Vị trí chi tiết,Block,Mã vị trí,Loại,Hạng phòng,Định mức Tủ,Định mức Ghế
A1 - Nam (A12 - 08WC),A1,A12 - 08.WC,Công cộng,,,
A1 - Nữ (A12 - 07WC),A1,A12 - 07.WC,Công cộng,,,
A1 - Khuyết tật (A12 - 26),A1,A12 - 26,Công cộng,,,
Cấp cứu - NV nam (A11 - 14WC),Cấp cứu,A11 - 14.WC,Công cộng,,,
Cấp cứu - NV nữ (A11 - 13WC),Cấp cứu,A11 - 13.WC,Công cộng,,,
Cấp cứu - Phòng cách ly (A11 - 03WC),Cấp cứu,A11 - 03.WC,Công cộng,,,
Cấp cứu - Nam (A11 - 04WC),Cấp cứu,A11 - 04.WC,Công cộng,,,
Cấp cứu - Nữ (A11 - 05WC),Cấp cứu,A11 - 05.WC,Công cộng,,,
Sảnh tiếp nhận - Nam (A11 - 16WC),Sảnh tiếp nhận,A11 - 16.WC,Công cộng,,,
Sảnh tiếp nhận - Nữ (A11 - 15WC),Sảnh tiếp nhận,A11 - 15.WC,Công cộng,,,
Khám Sản (B11 - 14WC),Khám Sản,B11 - 14.WC,Công cộng,,,
Khám Nha - Nữ (B12 - 17WC),Khám Nha,B12 - 17.WC,Công cộng,,,
Khám Nha - Nam (B12 - 18WC),Khám Nha,B12 - 18.WC,Công cộng,,,
Công cộng B1 - Nam (B10 - 02WC),Công cộng B1,B10 - 02.WC,Công cộng,,,
Công cộng B1 - Nữ (B10 - 01WC),Công cộng B1,B10 - 01.WC,Công cộng,,,
Công cộng B1 - khuyết tật (B10 - 03WC),Công cộng B1,B10 - 03.WC,Công cộng,,,
CĐHA - Nam (B16 - 44WC),CĐHA,B16 - 44.WC,Công cộng,,,
CĐHA - Nữ (B16 - 45WC),CĐHA,B16 - 45.WC,Công cộng,,,
CĐHA - khuyết tật (B16 - 43WC),CĐHA,B16 - 43.WC,Công cộng,,,
CĐHA - NV nữ (B16 - 38WC),CĐHA,B16 - 38.WC,Công cộng,,,
CĐHA - NV nam (B16 - 39WC),CĐHA,B16 - 39.WC,Công cộng,,,
Nội soi - công cộng nam (B15 - 08WC),Nội soi,B15 - 08.WC,Công cộng,,,
Nội soi - công cộng nữ (B15 - 09WC),Nội soi,B15 - 09.WC,Công cộng,,,
Nội soi -  buồng chuẩn bị (B15 - 01WC),Nội soi,B15 - 01.WC,Công cộng,,,
Nội soi - nội bộ (B15 - 02WC),Nội soi,B15 - 02.WC,Công cộng,,,
Nội soi - hồi tỉnh (B15 - 14WC),Nội soi,B15 - 14.WC,Công cộng,,,
Nội soi - khuyết tật (B15 - 13WC),Nội soi,B15 - 13.WC,Công cộng,,,
Lọc máu - NV nam (B14 - 11WC),Lọc máu,B14 - 11.WC,Công cộng,,,
Lọc máu - NV nữ (B14 - 10WC),Lọc máu,B14 - 10.WC,Công cộng,,,
Lọc máu - công cộng nam (B14 - 14WC),Lọc máu,B14 - 14.WC,Công cộng,,,
Lọc máu - công cộng nữ (B14 - 13WC),Lọc máu,B14 - 13.WC,Công cộng,,,
Khoa Xét nghiệm - Nam (B23-14WC),Xét nghiệm,B23 - 14.WC,Công cộng,,,
Khoa Xét nghiệm - Nữ (B23-13WC),Xét nghiệm,B23 - 13.WC,Công cộng,,,
DSA - Công cộng nữ (A21-01WC),DSA,A21 - 01.WC,Công cộng,,,
DSA - Công cộng nam (A21-02WC),DSA,A21 - 02.WC,Công cộng,,,
DSA - NV nữ,DSA,DSA - NV nữ,Công cộng,,,
DSA - NV nam,DSA,DSA - NV nam,Công cộng,,,
GMHS A - Hồi tỉnh (A22-13WC),GMHS A,A22 - 13.WC,Công cộng,,,
GMHS A - Chuẩn bị (A22-21WC),GMHS A,A22 - 21.WC,Công cộng,,,
A3 - Công cộng nam (A31-02WC),A3,A31 - 02.WC,Công cộng,,,
A3 - Công cộng nữ (A31-01WC),A3,A31 - 01.WC,Công cộng,,,
A3 - Văn phòng nữ (A31-11WC),A3,A31 - 11.WC,Công cộng,,,
A3 - Văn phòng nam (A31-12WC),A3,A31 - 12.WC,Công cộng,,,
A3 - NV nam (A32-07WC),A3,A32 - 07.WC,Công cộng,,,
A3 - NV nữ (A32-08WC),A3,A32 - 08.WC,Công cộng,,,
Khoa Ngoại - Công cộng nữ (A41-02WC),Khoa Ngoại,A41 - 02.WC,Công cộng,,,
Khoa Ngoại - Công cộng nam (A41-03WC),Khoa Ngoại,A41 - 03.WC,Công cộng,,,
Khoa Ngoại - NV nam (A42-02WC),Khoa Ngoại,A42 - 02.WC,Công cộng,,,
Khoa Ngoại - NV nam (A42-03WC),Khoa Ngoại,A42 - 03.WC,Công cộng,,,
Khoa Ngoại - NV nữ (A42-01WC),Khoa Ngoại,A42 - 01.WC,Công cộng,,,
Khoa Ngoại - NV nữ (A42-04WC),Khoa Ngoại,A42 - 04.WC,Công cộng,,,
Khoa Nội - Công cộng nữ (A51-02WC),Khoa Nội,A51 - 02.WC,Công cộng,,,
Khoa Nội - Công cộng nam (A51-03WC),Khoa Nội,A51 - 03.WC,Công cộng,,,
Khoa Nội - NV nam (A52-02WC),Khoa Nội,A52 - 02.WC,Công cộng,,,
Khoa Nội - NV nam (A52-03WC),Khoa Nội,A52 - 03.WC,Công cộng,,,
Khoa Nội - NV nữ (A52-01WC),Khoa Nội,A52 - 01.WC,Công cộng,,,
Khoa Nội - NV nữ (A52-04WC),Khoa Nội,A52 - 04.WC,Công cộng,,,
PHCN - Công cộng nữ (A61-02WC),PHCN,A61 - 02.WC,Công cộng,,,
PHCN - Công cộng nam (A61-03WC),PHCN,A61 - 03.WC,Công cộng,,,
PHCN - NV nam (A62-02WC),PHCN,A62 - 02.WC,Công cộng,,,
PHCN - NV nam (A62-03WC),PHCN,A62 - 03.WC,Công cộng,,,
PHCN - NV nữ (A62-01WC),PHCN,A62 - 01.WC,Công cộng,,,
PHCN - NV nữ (A62-04WC),PHCN,A62 - 04.WC,Công cộng,,,
Khoa Xét Nghiệm - (A72-10WC),Xét nghiệm,A72 - 10.WC,Công cộng,,,
Khoa Xét Nghiệm - (A72-11WC),Xét nghiệm,A72 - 11.WC,Công cộng,,,
B2 - Công cộng nữ (B20-01WC),B2,B20 - 01.WC,Công cộng,,,
B2 - Công cộng nam (B20-02WC),B2,B20 - 02.WC,Công cộng,,,
B2 - Khuyết tật (B20-03WC),B2,B20 - 03.WC,Công cộng,,,
Khoa Nhi - Công cộng nữ (B30-01WC),Khoa Nhi,B30 - 01.WC,Công cộng,,,
Khoa Nhi - Công cộng nam (B30-02WC),Khoa Nhi,B30 - 02.WC,Công cộng,,,
Khoa Nhi - Khuyết tật (B30-03WC),Khoa Nhi,B30 - 03.WC,Công cộng,,,
Khoa Nhi - NV nữ (B31-17WC),Khoa Nhi,B31 - 17.WC,Công cộng,,,
Khoa Nhi - NV nam (B31-16WC),Khoa Nhi,B31 - 16.WC,Công cộng,,,
Khoa Nhi - VS nữ B31 (B31-23WC),Khoa Nhi,B31 - 23.WC,Công cộng,,,
Khoa Nhi - VS nam B31 (B31-24WC),Khoa Nhi,B31 - 24.WC,Công cộng,,,
Khoa Nhi - khuyết tật 1 B31 (B31-14WC),Khoa Nhi,B31 - 14.WC,Công cộng,,,
Khoa Nhi - khuyết tật 2 B31 (B31-22WC),Khoa Nhi,B31 - 22.WC,Công cộng,,,
Khoa Nhi - VS nữ B32 (B32-18WC),Khoa Nhi,B32 - 18.WC,Công cộng,,,
Khoa Nhi - VS nam B32 (B32-19WC),Khoa Nhi,B32 - 19.WC,Công cộng,,,
Khoa Nhi - khuyết tật 1 B32 (B32-17WC),Khoa Nhi,B32 - 17.WC,Công cộng,,,
Khoa Nhi - khuyết tật 2 B32 (B32-26WC),Khoa Nhi,B32 - 26.WC,Công cộng,,,
Khoa Sản - Công cộng nữ (B40-01WC),Khoa Sản,B40 - 01.WC,Công cộng,,,
Khoa Sản - Công cộng nam (B40-02WC),Khoa Sản,B40 - 02.WC,Công cộng,,,
Khoa Sản - Khuyết tật (B40-03WC),Khoa Sản,B40 - 03.WC,Công cộng,,,
Khoa Sản - NV nữ (B41-18WC),Khoa Sản,B41 - 18.WC,Công cộng,,,
Khoa Sản - NV nam (B41-19WC),Khoa Sản,B41 - 19.WC,Công cộng,,,
Khoa Sản - VS nữ B41 (B41-25WC),Khoa Sản,B41 - 25.WC,Công cộng,,,
Khoa Sản - VS nam B41 (B41-26WC),Khoa Sản,B41 - 26.WC,Công cộng,,,
Khoa Sản - khuyết tật 1 B41 (B41-16WC),Khoa Sản,B41 - 16.WC,Công cộng,,,
Khoa Sản - khuyết tật 2 B41 (B41-24WC),Khoa Sản,B41 - 24.WC,Công cộng,,,
Khoa Sản - khuyết tật 1 B42 (B42-21WC),Khoa Sản,B42 - 21.WC,Công cộng,,,
Khoa Sản - khuyết tật 2 B42 (B42-25WC),Khoa Sản,B42 - 25.WC,Công cộng,,,
Khoa Nhi - A32-12,Khoa Nhi,A32 - 12,Nội trú,7 Giường,7,7
Khoa Nhi - A32-12WC,Khoa Nhi,A32 - 12,WC Nội trú,,,
Khoa Nhi - A32-13,Khoa Nhi,A32 - 13,Nội trú,7 Giường,7,7
Khoa Nhi - A32-13WC,Khoa Nhi,A32 - 13,WC Nội trú,,,
Khoa Nhi - A32-14,Khoa Nhi,A32 - 14,Nội trú,5 Giường,5,5
Khoa Nhi - A32-14WC,Khoa Nhi,A32 - 14,WC Nội trú,,,
Khoa Nhi - A32-15,Khoa Nhi,A32 - 15,Nội trú,5 Giường ,5,5
Khoa Nhi - A32-15WC,Khoa Nhi,A32 - 15,WC Nội trú,,,
Khoa Nhi - A32-20,Khoa Nhi,A32 - 20,Nội trú,5 Giường,5,5
Khoa Nhi - A32-20WC,Khoa Nhi,A32 - 20,WC Nội trú,,,
Khoa Nhi - A32-21,Khoa Nhi,A32 - 21,Nội trú,5 Giường,5,5
Khoa Nhi - A32-21WC,Khoa Nhi,A32 - 21,WC Nội trú,,,
Khoa Ngoại - A41-06,Khoa Ngoại,A41 - 06,Nội trú,,,
Khoa Ngoại - A41-06WC,Khoa Ngoại,A41 - 06,WC Nội trú,,,
Khoa Ngoại - A41-07,Khoa Ngoại,A41 - 07,Nội trú,7 Giường,7,7
Khoa Ngoại - A41-07WC,Khoa Ngoại,A41 - 07,WC Nội trú,,,
Khoa Ngoại - A41-08,Khoa Ngoại,A41 - 08,Nội trú,7 Giường,7,7
Khoa Ngoại - A41-08WC,Khoa Ngoại,A41 - 08,WC Nội trú,,,
Khoa Ngoại - A41-09,Khoa Ngoại,A41 - 09,Nội trú,4 Giường,4,4
Khoa Ngoại - A41-09WC,Khoa Ngoại,A41 - 09,WC Nội trú,,,
Khoa Ngoại - A41-10,Khoa Ngoại,A41 - 10,Nội trú,4 Giường,4,4
Khoa Ngoại - A41-10WC,Khoa Ngoại,A41 - 10,WC Nội trú,,,
Khoa Ngoại - A41-15,Khoa Ngoại,A41 - 15,Nội trú,7 Giường,7,7
Khoa Ngoại - A41-15WC,Khoa Ngoại,A41 - 15,WC Nội trú,,,
Khoa Ngoại - A41-16,Khoa Ngoại,A41 - 16,Nội trú,7 Giường,7,7
Khoa Ngoại - A41-16WC,Khoa Ngoại,A41 - 16,WC Nội trú,,,
Khoa Ngoại - A41-17,Khoa Ngoại,A41 - 17,Nội trú,5 Giường,5,5
Khoa Ngoại - A41-17WC,Khoa Ngoại,A41 - 17,WC Nội trú,,,
Khoa Ngoại - A41-18,Khoa Ngoại,A41 - 18,Nội trú,5 Giường,5,5
Khoa Ngoại - A41-18WC,Khoa Ngoại,A41 - 18,WC Nội trú,,,
Khoa Ngoại - A42-11,Khoa Ngoại,A42 - 11,Nội trú,3 Giường,0,0
Khoa Ngoại - A42-11WC,Khoa Ngoại,A42 - 11,WC Nội trú,,,
Khoa Ngoại - A42-12,Khoa Ngoại,A42 - 12,Nội trú,7 Giường,0,0
Khoa Ngoại - A42-12WC,Khoa Ngoại,A42 - 12,WC Nội trú,,,
Khoa Ngoại - A42-13,Khoa Ngoại,A42 - 13,Nội trú,7 Giường,0,0
Khoa Ngoại - A42-13WC,Khoa Ngoại,A42 - 13,WC Nội trú,,,
Khoa Ngoại - A42-14,Khoa Ngoại,A42 - 14,Nội trú,5 Giường,0,0
Khoa Ngoại - A42-14WC,Khoa Ngoại,A42 - 14,WC Nội trú,,,
Khoa Ngoại - A42-15,Khoa Ngoại,A42 - 15,Nội trú,5 Giường,0,0
Khoa Ngoại - A42-15WC,Khoa Ngoại,A42 - 15,WC Nội trú,,,
Khoa Ngoại - A42-18,Khoa Ngoại,A42 - 18,Nội trú,7 Giường,0,0
Khoa Ngoại - A42-18WC,Khoa Ngoại,A42 - 18,WC Nội trú,,,
Khoa Ngoại - A42-19,Khoa Ngoại,A42 - 19,Nội trú,7 Giường,0,0
Khoa Ngoại - A42-19WC,Khoa Ngoại,A42 - 19,WC Nội trú,,,
Khoa Ngoại - A42-20,Khoa Ngoại,A42 - 20,Nội trú,5 Giường,0,0
Khoa Ngoại - A42-20WC,Khoa Ngoại,A42 - 20,WC Nội trú,,,
Khoa Ngoại - A42-21,Khoa Ngoại,A42 - 21,Nội trú,5 Giường,0,0
Khoa Ngoại - A42-21WC,Khoa Ngoại,A42 - 21,WC Nội trú,,,
Khoa Nội - A51-06,Khoa Nội,A51 - 06,Nội trú,3 Giường,3,3
Khoa Nội - A51-06WC,Khoa Nội,A51 - 06,WC Nội trú,,,
Khoa Nội - A51-07,Khoa Nội,A51 - 07,Nội trú,7 Giường,7,7
Khoa Nội - A51-07WC,Khoa Nội,A51 - 07,WC Nội trú,,,
Khoa Nội - A51-08,Khoa Nội,A51 - 08,Nội trú,7 Giường,7,7
Khoa Nội - A51-08WC,Khoa Nội,A51 - 08,WC Nội trú,,,
Khoa Nội - A51-09,Khoa Nội,A51 - 09,Nội trú,4 Giường,4,4
Khoa Nội - A51-09WC,Khoa Nội,A51 - 09,WC Nội trú,,,
Khoa Nội - A51-10,Khoa Nội,A51 - 10,Nội trú,4 Giường,4,4
Khoa Nội - A51-10WC,Khoa Nội,A51 - 10,WC Nội trú,,,
Khoa Nội - A51-15,Khoa Nội,A51 - 15,Nội trú,7 Giường,7,7
Khoa Nội - A51-15WC,Khoa Nội,A51 - 15,WC Nội trú,,,
Khoa Nội - A51-16,Khoa Nội,A51 - 16,Nội trú,7 Giường,7,7
Khoa Nội - A51-16WC,Khoa Nội,A51 - 16,WC Nội trú,,,
Khoa Nội - A51-17,Khoa Nội,A51 - 17,Nội trú,5 Giường,5,5
Khoa Nội - A51-17WC,Khoa Nội,A51 - 17,WC Nội trú,,,
Khoa Nội - A51-18,Khoa Nội,A51 - 18,Nội trú,5 Giường,5,5
Khoa Nội - A51-18WC,Khoa Nội,A51 - 18,WC Nội trú,,,
Khoa Nội - A52-11,Khoa Nội,A52 - 11,Nội trú,3 Giường,3,3
Khoa Nội - A52-11WC,Khoa Nội,A52 - 11,WC Nội trú,,,
Khoa Nội - A52-12,Khoa Nội,A52 - 12,Nội trú,7 Giường,7,7
Khoa Nội - A52-12WC,Khoa Nội,A52 - 12,WC Nội trú,,,
Khoa Nội - A52-13,Khoa Nội,A52 - 13,Nội trú,7 Giường,7,7
Khoa Nội - A52-13WC,Khoa Nội,A52 - 13,WC Nội trú,,,
Khoa Nội - A52-14,Khoa Nội,A52 - 14,Nội trú,5 Giường,5,5
Khoa Nội - A52-14WC,Khoa Nội,A52 - 14,WC Nội trú,,,
Khoa Nội - A52-15,Khoa Nội,A52 - 15,Nội trú,5 Giường,5,5
Khoa Nội - A52-15WC,Khoa Nội,A52 - 15,WC Nội trú,,,
Khoa Nội - A52-18,Khoa Nội,A52 - 18,Nội trú,7 Giường,7,7
Khoa Nội - A52-18WC,Khoa Nội,A52 - 18,WC Nội trú,,,
Khoa Nội - A52-19,Khoa Nội,A52 - 19,Nội trú,7 Giường,7,7
Khoa Nội - A52-19WC,Khoa Nội,A52 - 19,WC Nội trú,,,
Khoa Nội - A52-20,Khoa Nội,A52 - 20,Nội trú,5 Giường,5,5
Khoa Nội - A52-20WC,Khoa Nội,A52 - 20,WC Nội trú,,,
Khoa Nội - A52-21,Khoa Nội,A52 - 21,Nội trú,5 Giường,5,5
Khoa Nội - A52-21WC,Khoa Nội,A52 - 21,WC Nội trú,,,
Khoa Nhi - B31-02,Khoa Nhi,B31 - 02,Nội trú,4 Giường,4,4
Khoa Nhi - B31-02WC,Khoa Nhi,B31 - 02,WC Nội trú,,,
Khoa Nhi - B31-03,Khoa Nhi,B31 - 03,Nội trú,4 Giường,4,4
Khoa Nhi - B31-03WC,Khoa Nhi,B31 - 03,WC Nội trú,,,
Khoa Nhi - B31-04,Khoa Nhi,B31 - 04,Nội trú,4 Giường,4,4
Khoa Nhi - B31-04WC,Khoa Nhi,B31 - 04,WC Nội trú,,,
Khoa Nhi - B31-18,Khoa Nhi,B31 - 18,Nội trú,5 Giường,5,5
Khoa Nhi - B31-18WC,Khoa Nhi,B31 - 18,WC Nội trú,,,
Khoa Nhi - B31-19,Khoa Nhi,B31 - 19,Nội trú,5 Giường,5,5
Khoa Nhi - B31-19WC,Khoa Nhi,B31 - 19,WC Nội trú,,,
Khoa Nhi - B31-20,Khoa Nhi,B31 - 20,Nội trú,5 Giường,5,5
Khoa Nhi - B31-20WC,Khoa Nhi,B31 - 20,WC Nội trú,,,
Khoa Nhi - B31-21,Khoa Nhi,B31 - 21,Nội trú,5 Giường,5,5
Khoa Nhi - B31-21WC,Khoa Nhi,B31 - 21,WC Nội trú,,,
Khoa Nhi - B32-04,Khoa Nhi,B32 - 04,Nội trú,4 Giường,4,4
Khoa Nhi - B32-04WC,Khoa Nhi,B32 - 04,WC Nội trú,,,
Khoa Nhi - B32-05,Khoa Nhi,B32 - 05,Nội trú,Sơ sinh,0,0
Khoa Nhi - B32-05WC,Khoa Nhi,B32 - 05,WC Nội trú,,,
Khoa Nhi - B32-06,Khoa Nhi,B32 - 06,Nội trú,,,
Khoa Nhi - B32-07,Khoa Nhi,B32 - 07,Nội trú,,,
Khoa Nhi - B32-08,Khoa Nhi,B32 - 08,Nội trú,4 Giường,4,4
Khoa Nhi - B32-08WC,Khoa Nhi,B32 - 08,WC Nội trú,,,
Khoa Nhi - B32-09,Khoa Nhi,B32 - 09,Nội trú,4 Giường,4,4
Khoa Nhi - B32-09WC,Khoa Nhi,B32 - 09,WC Nội trú,,,
Khoa Nhi - B32-10,Khoa Nhi,B32 - 10,Nội trú,4 Giường,4,4
Khoa Nhi - B32-10WC,Khoa Nhi,B32 - 10,WC Nội trú,,,
Khoa Nhi - B32-22,Khoa Nhi,B32 - 22,Nội trú,5 Giường,5,5
Khoa Nhi - B32-22WC,Khoa Nhi,B32 - 22,WC Nội trú,,,
Khoa Nhi - B32-23,Khoa Nhi,B32 - 23,Nội trú,5 Giường,5,5
Khoa Nhi - B32-23WC,Khoa Nhi,B32 - 23,WC Nội trú,,,
Khoa Nhi - B32-24,Khoa Nhi,B32 - 24,Nội trú,5 Giường,5,5
Khoa Nhi - B32-24WC,Khoa Nhi,B32 - 24,WC Nội trú,,,
Khoa Nhi - B32-25,Khoa Nhi,B32 - 25,Nội trú,5 Giường,5,5
Khoa Nhi - B32-25WC,Khoa Nhi,B32 - 25,WC Nội trú,,,
Khoa Sản - B41-02,Khoa Sản,B41 - 02,Nội trú,4 Giường,4,4
Khoa Sản - B41-02WC,Khoa Sản,B41 - 02,WC Nội trú,,,
Khoa Sản - B41-03,Khoa Sản,B41 - 03,Nội trú,4 Giường,4,4
Khoa Sản - B41-03WC,Khoa Sản,B41 - 03,WC Nội trú,,,
Khoa Sản - B41-04,Khoa Sản,B41 - 04,Nội trú,4 Giường,4,4
Khoa Sản - B41-04WC,Khoa Sản,B41 - 04,WC Nội trú,,,
Khoa Sản - B41-05,Khoa Sản,B41 - 05,Nội trú,4 Giường,4,4
Khoa Sản - B41-05WC,Khoa Sản,B41 - 05,WC Nội trú,,,
Khoa Sản - B41-06,Khoa Sản,B41 - 06,Nội trú,4 Giường,4,4
Khoa Sản - B41-06WC,Khoa Sản,B41 - 06,WC Nội trú,,,
Khoa Sản - B41-20,Khoa Sản,B41 - 20,Nội trú,5 Giường,5,5
Khoa Sản - B41-20WC,Khoa Sản,B41 - 20,WC Nội trú,,,
Khoa Sản - B41-21,Khoa Sản,B41 - 21,Nội trú,5 Giường,5,5
Khoa Sản - B41-21WC,Khoa Sản,B41 - 21,WC Nội trú,,,
Khoa Sản - B41-22,Khoa Sản,B41 - 22,Nội trú,5 Giường,5,5
Khoa Sản - B41-22WC,Khoa Sản,B41 - 22,WC Nội trú,,,
Khoa Sản - B41-23,Khoa Sản,B41 - 23,Nội trú,5 Giường,5,5
Khoa Sản - B41-23WC,Khoa Sản,B41 - 23,WC Nội trú,,,
Khoa Sản - B42-04,Khoa Sản,B42 - 04,Nội trú,2 Giường,2,2
Khoa Sản - B42-04WC,Khoa Sản,B42 - 04,WC Nội trú,,,
Khoa Sản - B42-05,Khoa Sản,B42 - 05,Nội trú,2 Giường,2,2
Khoa Sản - B42-05WC,Khoa Sản,B42 - 05,WC Nội trú,,,
Khoa Sản - B42-06,Khoa Sản,B42 - 06,Nội trú,2 Giường,2,2
Khoa Sản - B42-06WC,Khoa Sản,B42 - 06,WC Nội trú,,,
Khoa Sản - B42-07,Khoa Sản,B42 - 07,Nội trú,2 Giường,2,2
Khoa Sản - B42-07WC,Khoa Sản,B42 - 07,WC Nội trú,,,
Khoa Sản - B42-08,Khoa Sản,B42 - 08,Nội trú,2 Giường,2,2
Khoa Sản - B42-08WC,Khoa Sản,B42 - 08,WC Nội trú,,,
Khoa Sản - B42-09,Khoa Sản,B42 - 09,Nội trú,2 Giường,2,2
Khoa Sản - B42-09WC,Khoa Sản,B42 - 09,WC Nội trú,,,
Khoa Sản - B42-10,Khoa Sản,B42 - 10,Nội trú,2 Giường,2,2
Khoa Sản - B42-10WC,Khoa Sản,B42 - 10,WC Nội trú,,,
Khoa Sản - B42-11,Khoa Sản,B42 - 11,Nội trú,2 Giường,2,2
Khoa Sản - B42-11WC,Khoa Sản,B42 - 11,WC Nội trú,,,
Khoa Sản - B42-12,Khoa Sản,B42 - 12,Nội trú,2 Giường,2,2
Khoa Sản - B42-12WC,Khoa Sản,B42 - 12,WC Nội trú,,,
Khoa Sản - B42-13,Khoa Sản,B42 - 13,Nội trú,2 Giường,2,2
Khoa Sản - B42-13WC,Khoa Sản,B42 - 13,WC Nội trú,,,
Khoa Sản - B42-14,Khoa Sản,B42 - 14,Nội trú,2 Giường,2,2
Khoa Sản - B42-14WC,Khoa Sản,B42 - 14,WC Nội trú,,,
Khoa Sản - B42-26,Khoa Sản,B42 - 26,Nội trú,VIP,0,1
Khoa Sản - B42-26WC,Khoa Sản,B42 - 26,WC Nội trú,,,
Khoa Sản - B42-27,Khoa Sản,B42 - 27,Nội trú,VIP,0,1
Khoa Sản - B42-27WC,Khoa Sản,B42 - 27,WC Nội trú,,,
Khoa Sản - B42-28,Khoa Sản,B42 - 28,Nội trú,VIP,0,1
Khoa Sản - B42-28WC,Khoa Sản,B42 - 28,WC Nội trú,,,
Khoa Sản - B42-29,Khoa Sản,B42 - 29,Nội trú,VIP,0,1
Khoa Sản - B42-29WC,Khoa Sản,B42 - 29,WC Nội trú,,,
Khoa Sản - B42-30,Khoa Sản,B42 - 30,Nội trú,VIP,0,1
Khoa Sản - B42-30WC,Khoa Sản,B42 - 30,WC Nội trú,,,
Khoa Sản - B42-31,Khoa Sản,B42 - 31,Nội trú,VIP,0,1
Khoa Sản - B42-31WC,Khoa Sản,B42 - 31,WC Nội trú,,,
Khoa Sản - B42-32,Khoa Sản,B42 - 32,Nội trú,VIP,0,1
Khoa Sản - B42-32WC,Khoa Sản,B42 - 32,WC Nội trú,,,
Khoa Sản - B42-33,Khoa Sản,B42 - 33,Nội trú,VIP,0,1
Khoa Sản - B42-33WC,Khoa Sản,B42 - 33,WC Nội trú,,,
Khoa Sản - B42-34,Khoa Sản,B42 - 34,Nội trú,VIP,0,1
Khoa Sản - B42-34WC,Khoa Sản,B42 - 34,WC Nội trú,,,
Khoa Sản - B42-35,Khoa Sản,B42 - 35,Nội trú,VIP,0,1
Khoa Sản - B42-35WC,Khoa Sản,B42 - 35,WC Nội trú,,,